first_name,last_name,login,password
Sacha,Ealam,sealam0@newyorker.com,uQoZcpRb4o
Annmarie,Tithecote,atithecote1@sbwire.com,L70ylKjZwhMk
Nerissa,Frammingham,nframmingham2@t-online.de,v1zi0HKy0YC4
Halie,Ing,hing3@utexas.edu,UF8agbbYZ
Corella,Jedrys,cjedrys4@nifty.com,f3Z0IxXmY
Launce,Bonnette,lbonnette5@mozilla.org,2zXSIzgsw
Claudette,Kleisel,ckleisel6@ezinearticles.com,3hXuTi
Linc,Caley,lcaley7@netvibes.com,k9Eo6SKw5M8k
Brittaney,Leslie,bleslie8@webs.com,jS1jC51
Hayyim,Lammerts,hlammerts9@chicagotribune.com,NeEjyWtlHT
Matilde,De Beauchamp,mdebeauchampa@surveymonkey.com,HbsyO7rfk32
Weider,Finnes,wfinnesb@rambler.ru,K9TWNdestsY
Charis,Heaven,cheavenc@mozilla.org,Wt5k24w
Christin,Eamer,ceamerd@facebook.com,Cizh9RFqk
Verna,McGiven,vmcgivene@redcross.org,YhSTajWHV
Chance,Burness,cburnessf@netvibes.com,m1eH4VNZKP7
Flin,Pitcher,fpitcherg@cafepress.com,aStjfR
Kerrie,McKimmie,kmckimmieh@lycos.com,r7zLBX
Kendre,Crambie,kcrambiei@over-blog.com,CNqDhjOCd
Gav,Flement,gflementj@latimes.com,Fu5EYF9yp
Con,Ruggier,cruggierk@foxnews.com,I8a0Wiwv
Willem,Ayliffe,wayliffel@ibm.com,IJOfWlGgeBbZ
Marsha,Rentz,mrentzm@biglobe.ne.jp,8q0E3d5
Hakeem,Dorran,hdorrann@go.com,tyVrGP5n
Candida,Hartlebury,chartleburyo@earthlink.net,hfHeyLMtWcR
Haze,Czaple,hczaplep@techcrunch.com,xHIRz6
Amabel,Mackinder,amackinderq@about.me,LAVgpYx
Giorgi,Asple,gaspler@mediafire.com,A1YD3g1
Shelagh,Jarvie,sjarvies@techcrunch.com,41ChA1RCvKL
Pierette,Longworthy,plongworthyt@360.cn,b0HeFJUk5
Purcell,Koba,pkobau@wunderground.com,Sktyokz
Della,McAllester,dmcallesterv@about.com,8u99FWIj7iX
Pru,Helm,phelmw@reference.com,rFVRoc
Karin,Roeby,kroebyx@google.co.uk,tzHQdCqldI
Hally,Mangan,hmangany@comsenz.com,0po6h3ZN
Casey,Brech,cbrechz@mozilla.org,ISaKcXq7N
Granny,O'Doohaine,godoohaine10@hexun.com,JfMH1jsivxBP
Stephine,Blount,sblount11@smugmug.com,dBUVmv
Carma,Satch,csatch12@marketwatch.com,BoTnjlhf
Ronni,Civitillo,rcivitillo13@shutterfly.com,UPxtVX4i
Lorie,Simonelli,lsimonelli14@themeforest.net,LC6aDqYv
Nathanael,Bearcroft,nbearcroft15@mapquest.com,laaGFOB
Rubie,Messenger,rmessenger16@creativecommons.org,WfMA8e3vR7l1
Roana,Drance,rdrance17@washington.edu,1M1BWHpI
Rodney,Gladebeck,rgladebeck18@whitehouse.gov,ordHB7j
Virgilio,Larret,vlarret19@tumblr.com,R8vVkzWd5K
Nelia,Reboulet,nreboulet1a@twitpic.com,tPA4tX0vjd
Massimiliano,Pumphrey,mpumphrey1b@buzzfeed.com,HMgbQDuABJW
Tymon,Spurway,tspurway1c@icio.us,h3EGAIvsq
Josepha,Eskrick,jeskrick1d@arstechnica.com,8lUkBDbNCfPN
